{
  "cal_mags": [
    0.0,
    0.01,
    0.02,
    0.05,
    0.1,
    0.2
  ],
  "per_mag": {
    "0.0": {
      "CBF": {
        "median": 5.638661695484496,
        "mean": 6.397271810700094,
        "q25": 1.3018890164084724,
        "q75": 11.466133077289411,
        "n": 200
      },
      "MVDR": {
        "median": 11.741418961406433,
        "mean": 11.749845831102594,
        "q25": 10.97552504805252,
        "q75": 12.38792396998535,
        "n": 200
      },
      "MVDR-DL": {
        "median": 18.905365840288333,
        "mean": 19.567646800364926,
        "q25": 17.3554753699118,
        "q75": 21.767623623313742,
        "n": 200
      },
      "NN": {
        "median": 18.817818140762764,
        "mean": 19.513063185685,
        "q25": 17.183959376561972,
        "q75": 21.714172616065177,
        "n": 200
      }
    },
    "0.01": {
      "CBF": {
        "median": 5.410547408520998,
        "mean": 6.25584064276582,
        "q25": 1.0596842350885973,
        "q75": 10.61368111728761,
        "n": 200
      },
      "MVDR": {
        "median": 9.354931848794621,
        "mean": 8.967842064679251,
        "q25": 7.826132072798163,
        "q75": 10.396603825060225,
        "n": 200
      },
      "MVDR-DL": {
        "median": 19.52018610552002,
        "mean": 19.878765024815152,
        "q25": 17.770160320360283,
        "q75": 21.370996012996528,
        "n": 200
      },
      "NN": {
        "median": 19.631386068631276,
        "mean": 19.85853272105679,
        "q25": 17.66629918963688,
        "q75": 21.366784089938854,
        "n": 200
      }
    },
    "0.02": {
      "CBF": {
        "median": 5.7040132317411665,
        "mean": 6.040540615984733,
        "q25": 0.6530149261746169,
        "q75": 11.178878711814875,
        "n": 200
      },
      "MVDR": {
        "median": 6.388209227879127,
        "mean": 5.459092578100191,
        "q25": 3.0984304339808917,
        "q75": 8.227605426699949,
        "n": 200
      },
      "MVDR-DL": {
        "median": 19.45961157989486,
        "mean": 19.67475097575416,
        "q25": 17.604319350285138,
        "q75": 21.23907453212503,
        "n": 200
      },
      "NN": {
        "median": 19.45046011818276,
        "mean": 19.66271076452404,
        "q25": 17.61628808439356,
        "q75": 21.176696555530892,
        "n": 200
      }
    },
    "0.05": {
      "CBF": {
        "median": 6.5597506370416205,
        "mean": 7.1173190072169055,
        "q25": 3.038898205420992,
        "q75": 11.200933354083855,
        "n": 200
      },
      "MVDR": {
        "median": -0.45905364307995233,
        "mean": -1.0896891085623366,
        "q25": -5.0294877684045485,
        "q75": 2.564359207171019,
        "n": 200
      },
      "MVDR-DL": {
        "median": 19.294818907823775,
        "mean": 19.36467205521495,
        "q25": 17.022455271412028,
        "q75": 21.331499605686894,
        "n": 200
      },
      "NN": {
        "median": 19.242569751033386,
        "mean": 19.452546875923513,
        "q25": 17.213085856735816,
        "q75": 21.498829049786288,
        "n": 200
      }
    },
    "0.1": {
      "CBF": {
        "median": 5.485443671452735,
        "mean": 6.172563671450211,
        "q25": 1.0761769968315043,
        "q75": 11.044144662207675,
        "n": 200
      },
      "MVDR": {
        "median": -6.699127938729683,
        "mean": -6.73117644262641,
        "q25": -10.405247018469428,
        "q75": -2.791157672748571,
        "n": 200
      },
      "MVDR-DL": {
        "median": 17.860021675226438,
        "mean": 18.347625090022508,
        "q25": 15.649996110298435,
        "q75": 20.924479587326616,
        "n": 200
      },
      "NN": {
        "median": 18.13261906689172,
        "mean": 18.632790294280326,
        "q25": 16.243038315616328,
        "q75": 21.04160092337598,
        "n": 200
      }
    },
    "0.2": {
      "CBF": {
        "median": 1.744151886314806,
        "mean": 2.439876941986961,
        "q25": -2.6355969062220233,
        "q75": 7.473429944815343,
        "n": 200
      },
      "MVDR": {
        "median": -12.669234140682352,
        "mean": -12.785764556419865,
        "q25": -15.536826693239405,
        "q75": -8.735986729753096,
        "n": 200
      },
      "MVDR-DL": {
        "median": 15.915283409910838,
        "mean": 15.735601650899774,
        "q25": 13.034968155488269,
        "q75": 19.054458652372695,
        "n": 200
      },
      "NN": {
        "median": 17.51035878126705,
        "mean": 17.49344702817186,
        "q25": 15.610913295378504,
        "q75": 19.880827623457307,
        "n": 200
      }
    }
  },
  "latency_us": {
    "CBF": 5.149021977558732,
    "MVDR": 308.3274819946382,
    "MVDR-DL": 420.5268300138414,
    "NN": 1207.4549380049575
  }
}